{
  "heatmap_max_strain": 0.1099622030237581,
  "yarn_length": 60.0,
  "particle_density": 100.0,
  "gravity_y": -9.81,
  "particle_mass": 0.001,
  "damping": 0.9978303747534517,
  "stretch_stiff": 0.960552268244576,
  "bend_stiff": 0.0,
  "substeps": 30.0,
  "constraint_iter": 3.0,
  "ogc_r": 0.00924260355029586,
  "ogc_stiff": 1.0,
  "mu_static": 0.10907127429805616,
  "mu_kinetic": 0.011879049676025918,
  "v_max": 20.0,
  "self_collision": 0,
  "self_ee_stiff": 0.2938856015779093,
  "redetect_threshold": 0.3,
  "roll_a_x": -0.8,
  "roll_a_y": 0.0,
  "roll_a_z": 0.0,
  "roll_a_radius": 0.15,
  "roll_a_mass": 0.5219330453563715,
  "roll_a_bearing_damping": 0.9743589743589743,
  "roll_a_torque_scale": 1.0,
  "roll_b_x": 0.8,
  "roll_b_y": -0.36363636363636376,
  "roll_b_z": 0.9090909090909092,
  "roll_b_radius": 0.15,
  "pull_speed": 5.0,
  "cyl_x": 0.0,
  "cyl_y": -0.32444444444444454,
  "cyl_z": -0.03111111111111109,
  "cyl_radius": 0.08,
  "heatmap_mode": 1,
  "sensor_a_x": -0.3,
  "sensor_a_y": 0.1,
  "sensor_a_z": 0.0,
  "sensor_a_r": 0.05,
  "sensor_b_x": 0.2,
  "sensor_b_y": -0.1,
  "sensor_b_z": 0.2,
  "sensor_b_r": 0.05,
  "cyl2_x": 0.0,
  "cyl2_y": 0.0,
  "cyl2_z": 0.3,
  "cyl2_radius": 0.05,
  "cyl2_enabled": 0
}