{
  "heatmap_max_strain": 0.66996,
  "yarn_length": 13.898518518518518,
  "particle_density": 30.0,
  "gravity_y": -9.81,
  "particle_mass": 0.001,
  "damping": 0.9994074074074074,
  "stretch_stiff": 0.30303030303030304,
  "bend_stiff": 0.0,
  "substeps": 200.0,
  "constraint_iter": 1.0,
  "ogc_r": 0.005,
  "ogc_stiff": 1.0,
  "self_ee_stiff": 0.3,
  "mu_static": 0.08888888888888889,
  "mu_kinetic": 0.017777777777777778,
  "v_max": 20.0,
  "roll_a_x": -0.8,
  "roll_a_y": 0.0,
  "roll_a_z": 0.0,
  "roll_a_radius": 0.15,
  "roll_a_mass": 0.5392424242424243,
  "roll_a_bearing_damping": 0.8939393939393939,
  "roll_a_torque_scale": 1.0,
  "roll_b_x": 0.8,
  "roll_b_y": -0.36363636363636376,
  "roll_b_z": 0.9090909090909092,
  "roll_b_radius": 0.15,
  "pull_speed": 0.7629629629629626,
  "cyl_x": 0.0,
  "cyl_y": -0.32444444444444454,
  "cyl_z": -0.03111111111111109,
  "cyl_radius": 0.08,
  "self_collision": 1,
  "heatmap_mode": 0,
  "redetect_threshold": 0.3,
  "sensor_a_x": -0.3,
  "sensor_a_y": 0.1,
  "sensor_a_z": 0.0,
  "sensor_a_r": 0.05,
  "sensor_b_x": 0.2,
  "sensor_b_y": -0.1,
  "sensor_b_z": 0.2,
  "sensor_b_r": 0.05,
  "cyl2_x": 0.0,
  "cyl2_y": 0.0,
  "cyl2_z": 0.3,
  "cyl2_radius": 0.05,
  "cyl2_enabled": 0,
  "sensor_a_cyl_r": 0.03,
  "sensor_a_cyl_enabled": 0,
  "sensor_b_cyl_r": 0.03,
  "sensor_b_cyl_enabled": 0
}