{
  "heatmap_max_strain": 0.1099622030237581,
  "yarn_length": 50.02465483234714,
  "particle_density": 14.956803455723541,
  "gravity_y": -9.81,
  "particle_mass": 0.001,
  "damping": 0.9994074074074074,
  "stretch_stiff": 0.30303030303030304,
  "bend_stiff": 0.0,
  "substeps": 104.0,
  "constraint_iter": 1.0,
  "ogc_r": 0.005,
  "ogc_stiff": 1.0,
  "mu_static": 0.10907127429805616,
  "mu_kinetic": 0.011879049676025918,
  "v_max": 20.0,
  "self_collision": 0,
  "self_ee_stiff": 0.2938856015779093,
  "roll_a_x": -0.8,
  "roll_a_y": 0.0,
  "roll_a_z": 0.0,
  "roll_a_radius": 0.15,
  "roll_a_mass": 0.5219330453563715,
  "roll_a_bearing_damping": 0.9978401727861771,
  "roll_a_torque_scale": 1.0,
  "roll_b_x": 0.8,
  "roll_b_y": -0.36363636363636376,
  "roll_b_z": 0.9090909090909092,
  "roll_b_radius": 0.15,
  "pull_speed": 5.0,
  "cyl_x": 0.0,
  "cyl_y": -0.32444444444444454,
  "cyl_z": -0.03111111111111109,
  "cyl_radius": 0.08,
  "heatmap_mode": 1,
  "redetect_threshold": 0.3
}