{
  "gravity_y": -9.81,
  "particle_mass": 0.01,
  "damping": 0.996,
  "stretch_stiff": 0.30303030303030304,
  "bend_stiff": 0.0,
  "substeps": 73.0,
  "constraint_iter": 1.0,
  "ogc_r": 0.010045454545454545,
  "ogc_stiff": 1.0,
  "mu_static": 0.030303030303030304,
  "mu_kinetic": 0.015151515151515152,
  "v_max": 20.0,
  "roll_a_x": -0.8,
  "roll_a_y": 0.0,
  "roll_a_z": 0.0,
  "roll_a_radius": 0.15,
  "roll_a_mass": 0.5392424242424243,
  "roll_a_bearing_damping": 0.8939393939393939,
  "roll_a_torque_scale": 1.0,
  "roll_b_x": 0.8,
  "roll_b_y": -0.36363636363636376,
  "roll_b_z": 0.9090909090909092,
  "roll_b_radius": 0.15,
  "pull_speed": 2.575757575757576,
  "cyl_x": 0.0,
  "cyl_y": -0.4,
  "cyl_z": 0.0,
  "cyl_radius": 0.08
}