{
  "heatmap_max_strain": 0.66996,
  "yarn_length": 11.077777777777778,
  "particle_density": 30.0,
  "gravity_y": -9.81,
  "particle_mass": 0.01,
  "damping": 0.9985185185185185,
  "stretch_stiff": 1.0,
  "bend_stiff": 0.0,
  "substeps": 30.0,
  "constraint_iter": 8.0,
  "ogc_r": 0.005,
  "ogc_stiff": 1.0,
  "self_ee_stiff": 0.3,
  "mu_static": 0.037037037037037035,
  "mu_kinetic": 0.008888888888888889,
  "v_max": 20.0,
  "roll_a_x": -0.8,
  "roll_a_y": 0.0,
  "roll_a_z": 0.0,
  "roll_a_radius": 0.15,
  "roll_a_mass": 0.5,
  "roll_a_bearing_damping": 0.7762962962962963,
  "roll_a_torque_scale": 1.0,
  "roll_b_x": 2.84,
  "roll_b_y": 0.20888888888888912,
  "roll_b_z": 0.0,
  "roll_b_radius": 0.15013333333333334,
  "pull_speed": -2.0666666666666664,
  "cyl_x": 0.0,
  "cyl_y": 0.39555555555555566,
  "cyl_z": 0.0,
  "cyl_radius": 0.08,
  "self_collision": 1,
  "heatmap_mode": 0,
  "redetect_threshold": 0.3
}